"0",""
"0","dev.off()"
"1","null device "
"1","
"
"1","          1 "
"1","
"
"0","###############################################################"
"0","## Final summary"
"0","###############################################################"
"0",""
"0","cat("
"0","    ""\n==============================\n"""
"0",")"
"1","
==============================
"
"0","cat("
"0","    ""IRIS motif logo generation complete\n"""
"0",")"
"1","IRIS motif logo generation complete
"
"0","cat("
"0","    ""Reference kmer:"","
"0","    reference,"
"0","    ""\n"""
"0",")"
"1","Reference kmer:"
"1"," "
"1","GUGCA"
"1"," "
"1","
"
"0","cat("
"0","    ""Aligned kmers:"","
"0","    nrow(aligned),"
"0","    ""\n"""
"0",")"
"1","Aligned kmers:"
"1"," "
"1","4"
"1"," "
"1","
"
"0","cat("
"0","    ""Rejected kmers:"","
"0","    nrow(rejected),"
"0","    ""\n"""
"0",")"
"1","Rejected kmers:"
"1"," "
"1","0"
"1"," "
"1","
"
"0","cat("
"0","    ""PWM length:"","
"0","    pwm_length,"
"0","    ""\n"""
"0",")"
"1","PWM length:"
"1"," "
"1","6"
"1"," "
"1","
"
"0","cat("
"0","    ""Output files:\n"""
"0",")"
"1","Output files:
"
"0","cat("
"0","    ""-"","
"0","    output_prefix,"
"0","    ""_aligned_5mers.csv\n"""
"0",")"
"1","-"
"1"," "
"1","SNRPA"
"1"," "
"1","_aligned_5mers.csv
"
"0","cat("
"0","    ""-"","
"0","    output_prefix,"
"0","    ""_rejected_5mers.csv\n"""
"0",")"
"1","-"
"1"," "
"1","SNRPA"
"1"," "
"1","_rejected_5mers.csv
"
"0","cat("
"0","    ""-"","
"0","    output_prefix,"
"0","    ""_IRIS_weighted_PWM.csv\n"""
"0",")"
"1","-"
"1"," "
"1","SNRPA"
"1"," "
"1","_IRIS_weighted_PWM.csv
"
"0","cat("
"0","    ""-"","
"0","    output_prefix,"
"0","    ""_IRIS_Figure2A_logo.pdf\n"""
"0",")"
"1","-"
"1"," "
"1","SNRPA"
"1"," "
"1","_IRIS_Figure2A_logo.pdf
"
"0","cat("
"0","    ""==============================\n"""
"0",")"
"1","==============================
"
