"Model","Offset","RBNS_start","IRIS_start","Overlap","Pearson","Manual_Pearson","Pearson_difference","Weighted_JSD","Alignment_score"
"Masked_Zexp",-2,1,3,4,0.525457125044769,0.525457125044769,1.11022302462516e-16,0.256625149431395,0.268831975613374
"Masked_Zexp",-1,1,2,5,0.538866338314287,0.538866338314287,0,0.331607175939002,0.207259162375285
"Masked_Zexp",0,1,1,6,0.669920862437611,0.669920862437611,0,0.217443662700156,0.452477199737455
"Masked_Zexp",1,2,1,5,0.690635860545327,0.690635860545327,0,0.180172455371331,0.510463405173996
"Masked_Zexp",2,3,1,4,0.792499327236408,0.792499327236408,1.11022302462516e-16,0.163921440437377,0.628577886799031
"Masked_Zratio",-2,1,3,4,0.526072728537183,0.526072728537183,0,0.256324200578357,0.269748527958826
"Masked_Zratio",-1,1,2,5,0.539471473080282,0.539471473080282,0,0.33130321157858,0.208168261501702
"Masked_Zratio",0,1,1,6,0.670882309088832,0.670882309088832,1.11022302462516e-16,0.216768937941524,0.454113371147308
"Masked_Zratio",1,2,1,5,0.691521785170448,0.691521785170448,0,0.179854624047271,0.511667161123177
"Masked_Zratio",2,3,1,4,0.792924617220275,0.792924617220275,0,0.163534941068117,0.629389676152158
"Masked_Zscore",-2,1,3,4,0.52344105634896,0.523441056348959,1.11022302462516e-16,0.25762496761244,0.26581608873652
"Masked_Zscore",-1,1,2,5,0.536889303540675,0.536889303540675,0,0.332612106945145,0.20427719659553
"Masked_Zscore",0,1,1,6,0.666819854802955,0.666819854802954,2.22044604925031e-16,0.219650181497019,0.447169673305936
"Masked_Zscore",1,2,1,5,0.687742638819005,0.687742638819005,1.11022302462516e-16,0.181213555416499,0.506529083402506
"Masked_Zscore",2,3,1,4,0.791452614732136,0.791452614732136,0,0.16489095488673,0.626561659845406
