"Index","RBNS","IRIS","Difference"
1,0.230000000008,0.313829531890383,0.0838295318823831
2,9.999999996e-11,0.311374549894599,0.311374549794599
3,9.999999996e-11,0.311374549894599,0.311374549794599
4,0.769999999792,0.0634213683204186,-0.706578631471581
5,0.0866666667320001,1.00009599961596e-06,-0.0866656666360004
6,9.99999999600000e-11,1.00009599961596e-06,9.99995999616002e-07
7,9.99999999600000e-11,1.00009599961596e-06,9.99995999616002e-07
8,0.913333333068,0.999996999712001,0.0866636666440012
9,9.999999996e-11,1.00009599961596e-06,9.99995999616002e-07
10,9.999999996e-11,1.00009599961596e-06,9.99995999616002e-07
11,9.999999996e-11,1.00009599961596e-06,9.99995999616002e-07
12,0.9999999997,0.999996999712001,-2.99998799879742e-06
13,0.122222222273333,1.00009599961596e-06,-0.122221222177334
14,0.122222222273333,1.00009599961596e-06,-0.122221222177334
15,0.122222222273333,1.00009599961596e-06,-0.122221222177334
16,0.63333333318,0.999996999712001,0.366663666532001
