"5mer","mean_IRIS_score","n_sequences"
"uguac",-10.2403116111111,18
"guaca",-10.2305,9
"uacau",-8.92078371428571,21
"uuuac",-8.122045,6
"guaaa",-8.08746744444444,9
"uauac",-8.02033516666667,6
"guuca",-7.69416988888889,9
"gucca",-7.62445744444444,9
"ucuac",-7.3299415,6
"ggaca",-7.32387655555556,9
"gaaca",-7.29414922222222,9
"guaua",-7.20654166666667,9
"gugca",-7.17877488888889,9
"guaga",-7.10803222222222,9
"gcaca",-6.89566566666667,9
"uauau",-6.77951033333333,21
"ugucc",-6.76873894444444,18
"guacc",-6.755999,6
"uguag",-6.68121155555556,18
"ugcac",-6.66137411111111,18
"ugaac",-6.61415116666667,18
"uguuc",-6.57840555555556,18
"ugugc",-6.537702,18
"uggac",-6.40651383333333,18
"cacau",-6.19167477777778,18
"uucau",-6.18184285714286,21
"uaaau",-6.1586310952381,21
"aacau",-6.14169816666667,18
"auaca",-5.99917183333333,6
"cuaca",-5.97168716666667,6
"guacg",-5.94315883333333,6
"uccau",-5.93103628571429,21
"uucac",-5.91845783333333,6
"uuaac",-5.88978366666667,6
"uagau",-5.87667690476191,21
"uacac",-5.81674833333333,6
"uaaac",-5.78807383333333,6
"uguaa",-5.64478547619048,21
"guuaa",-5.55113744444444,9
"uuucc",-5.526305,6
"gucaa",-5.481425,9
"guaac",-5.46922233333333,6
"uaucc",-5.42459516666667,6
"uuuag",-5.41690033333333,6
"uauag",-5.31519083333333,6
"uguau",-5.25477115151515,33
"uugac",-5.2292785,6
"ggaaa",-5.18084422222222,9
"gaaaa",-5.15111688888889,9
"uagac",-5.127569,6
"uccac",-5.12635433333333,6
"ucaac",-5.0976805,6
"gacau",-5.08830171428571,21
"ugcau",-5.06590412121212,33
"gugaa",-5.03574244444444,9
"guucc",-4.88910416666667,6
"uuuuc",-4.88672866666667,6
"uuugc",-4.829584,6
"guccc",-4.80167983333333,6
"gguca",-4.78754633333333,9
"uauuc",-4.785019,6
"gauca",-4.757819,9
"gcaaa",-4.75263322222222,9
"ucucc",-4.73420166666667,6
"uaugc",-4.72787433333333,6
"ggcca",-4.717834,9
"auaaa",-4.71239516666667,6
"gacca",-4.68810677777778,9
"cuaaa",-4.68491066666667,6
"uuuaa",-4.68073622222222,9
"guuua",-4.67021155555556,9
"guaag",-4.65638216666667,6
"ucuag",-4.624797,6
"gucua",-4.60049922222222,9
"guuga",-4.57170222222222,9
"ggacc",-4.5482205,6
"gaacc",-4.51302783333333,6
"gucga",-4.50198977777778,9
"uuaaa",-4.48429555555556,9
"ucgac",-4.43717516666667,6
"gcuca",-4.35933566666667,9
"ggaua",-4.29991822222222,9
"gccca",-4.28962322222222,9
"gggca",-4.27215166666667,9
"gaaua",-4.27019088888889,9
"gagca",-4.24242411111111,9
"uuuca",-4.23542411111111,9
"ggaga",-4.20140888888889,9
"uaucu",-4.18200822222222,9
"gaaga",-4.17168144444444,9
"guauc",-4.15967033333333,6
"gugua",-4.15481655555556,9
"auuca",-4.132277,6
"gugcc",-4.13225333333333,6
"cuuca",-4.10479283333333,6
"cuuac",-4.09529933333333,3
"ucuuc",-4.0946255,6
"auuac",-4.07792566666667,3
"guucg",-4.07626416666667,6
"guagc",-4.06533616666667,6
"gugga",-4.05630711111111,9
"aucca",-4.04485283333333,6
"uuuau",-4.04056933333333,21
"uuaca",-4.03898377777778,9
"ucugc",-4.0374805,6
"cucca",-4.01736816666667,6
"uaccu",-4.00602277777778,9
"guccg",-3.98883966666667,6
"cguac",-3.984056,3
"aguac",-3.96668266666667,3
"cucac",-3.95473833333333,3
"cuaac",-3.95388766666667,3
"aucac",-3.93736433333333,3
"auaac",-3.93651366666667,3
"cauac",-3.93246733333333,3
"aauac",-3.91509333333333,3
"gcacc",-3.88705416666667,6
"gcaua",-3.87170755555556,9
"caccu",-3.84928583333333,6
"gcgca",-3.84394055555556,9
"cgcac",-3.843495,3
"cgaac",-3.84264433333333,3
"agcac",-3.82612133333333,3
"agaac",-3.82527066666667,3
"aaccu",-3.81235033333333,6
"cacac",-3.79190633333333,3
"agaca",-3.7913935,6
"caaac",-3.79105533333333,3
"ucuau",-3.78976285714286,21
"aacac",-3.77453233333333,3
"aaaac",-3.77368133333333,3
"gcaga",-3.773198,9
"cgaca",-3.763909,6
"aaaca",-3.75620066666667,6
"ggacg",-3.7353805,6
"caaca",-3.72871616666667,6
"uauuu",-3.72382711111111,9
"gaacg",-3.70018783333333,6
"uaugu",-3.65037088888889,9
"guacu",-3.61227222222222,9
"guuac",-3.6023275,6
"guccu",-3.59457422222222,9
"uacuu",-3.54784166666667,9
"gucac",-3.514903,6
"uacgu",-3.47438566666667,9
"uuaau",-3.41969023809524,21
"gaacu",-3.40869188888889,9
"auaua",-3.40284283333333,6
"gaccu",-3.39099388888889,9
"augca",-3.37542633333333,6
"cuaua",-3.3753585,6
"cugca",-3.34794166666667,6
"guaug",-3.34683,6
"uuccc",-3.322718,6
"gugcg",-3.31941316666667,6
"auaga",-3.30850916666667,6
"uuacc",-3.29404366666667,6
"ugaau",-3.28762609090909,33
"cuaga",-3.28102466666667,6
"ugucu",-3.2692449047619,21
"ggaac",-3.26144383333333,6
"guagg",-3.25249633333333,6
"gaaac",-3.22625116666667,6
"uaccc",-3.22100833333333,6
"uguca",-3.21994376190476,21
"uucag",-3.21331333333333,6
"ugucg",-3.20963888888889,18
"uucaa",-3.20024877777778,9
"uaacc",-3.19233416666667,6
"ugccc",-3.18980144444444,18
"uuaag",-3.1846395,6
"uauaa",-3.17189288888889,9
"ucaau",-3.16888357142857,21
"cacuu",-3.14487016666667,6
"ugacc",-3.14257855555556,18
"uugau",-3.137736,21
"acaca",-3.130227,6
"uggau",-3.11503578787879,33
"uacag",-3.11160383333333,6
"aacuu",-3.10793466666667,6
"ccaca",-3.10274233333333,6
"ugcag",-3.10227405555556,18
"uguuu",-3.09247466666667,21
"ugaaa",-3.09024814285714,21
"uaaag",-3.08292966666667,6
"gcacg",-3.074214,6
"ugaag",-3.05505111111111,18
"cacgu",-3.05092766666667,6
"ugugu",-3.04243185714286,21
"uguug",-3.01930544444444,18
"aacgu",-3.013992,6
"ugcuc",-2.999468,18
"cucau",-2.98947927777778,18
"cauau",-2.98242061111111,18
"ugugg",-2.97860188888889,18
"caaau",-2.97857966666667,18
"uaaaa",-2.97545255555556,9
"gucau",-2.96114971428571,21
"ugcgc",-2.95876444444444,18
"uuucu",-2.95808066666667,9
"ugauc",-2.95224511111111,18
"cgcau",-2.94386961111111,18
"aucau",-2.93950244444444,18
"uggcc",-2.93494111111111,18
"aauau",-2.93244372222222,18
"aaaau",-2.928603,18
"ugagc",-2.9115415,18
"agcau",-2.89389305555556,18
"gaaau",-2.89271852380952,21
"ucgau",-2.88692933333333,21
"uggag",-2.84741372222222,18
"auuaa",-2.84550033333333,6
"gugac",-2.84547666666667,6
"uuucg",-2.8211605,6
"cuuaa",-2.81801616666667,6
"cuucc",-2.81330866666667,3
"auucc",-2.79593466666667,3
"guuag",-2.78948766666667,6
"uuccu",-2.78209544444444,9
"aucaa",-2.758076,6
"uucca",-2.75493688888889,9
"ugguc",-2.74460772222222,18
"uugaa",-2.74139744444444,9
"cucaa",-2.7305915,6
"ucuaa",-2.730463,9
"uauca",-2.72658088888889,9
"uaucg",-2.71945083333333,6
"cccau",-2.71569316666667,18
"ugggc",-2.70390411111111,18
"cgucc",-2.70206533333333,3
"gucag",-2.702063,6
"uaacu",-2.70172544444444,9
"agucc",-2.684692,3
"uucuc",-2.68314183333333,6
"ggucc",-2.68132583333333,6
"cuccc",-2.67274733333333,3
"cuacc",-2.67189633333333,3
"cuuag",-2.67108833333333,3
"accau",-2.6657165,18
"auccc",-2.655374,3
"auacc",-2.654523,3
"uuauc",-2.6544675,6
"auuag",-2.65371466666667,3
"caucc",-2.65047666666667,3
"cagau",-2.64650022222222,18
"gaucc",-2.64613316666667,6
"gguaa",-2.64451388888889,9
"uugcc",-2.6335385,6
"aaucc",-2.63310266666667,3
"uucgc",-2.62599683333333,6
"ccuac",-2.62402233333333,3
"gauaa",-2.61478655555556,9
"cugac",-2.61408033333333,3
"acuac",-2.606649,3
"gcaac",-2.6002775,6
"uuagc",-2.59732266666667,6
"augac",-2.59670666666667,3
"aagau",-2.59652355555556,18
"ggccc",-2.59390133333333,6
"uacuc",-2.58143233333333,6
"ggcaa",-2.57480155555556,9
"ugcaa",-2.57222647619048,21
"cgccc",-2.56150433333333,3
"cgacc",-2.56065366666667,3
"cguag",-2.55984533333333,3
"gaccc",-2.55870866666667,6
"uaauc",-2.55275783333333,6
"gacaa",-2.54507433333333,9
"agccc",-2.54413066666667,3
"agacc",-2.54328,3
"aguag",-2.54247166666667,3
"ucaaa",-2.53402266666667,9
"uagcc",-2.531829,6
"ucccc",-2.5306145,6
"cucag",-2.53052733333333,3
"uaaca",-2.53014055555556,9
"cuaag",-2.52967666666667,3
"uacgc",-2.52428733333333,6
"uugag",-2.524134,6
"uuuua",-2.51596733333333,9
"aucag",-2.51315333333333,3
"auaag",-2.51230233333333,3
"caccc",-2.50991566666667,3
"caacc",-2.50906466666667,3
"cauag",-2.50825633333333,3
"agaaa",-2.50461683333333,6
"cggac",-2.502837,3
"uguua",-2.50262695238095,21
"ucacc",-2.50194066666667,6
"uuuuu",-2.49989966666667,9
"uaagc",-2.495613,6
"aaccc",-2.49254166666667,3
"aaacc",-2.49169066666667,3
"aauag",-2.49088266666667,3
"aggac",-2.48546333333333,3
"cccac",-2.48346133333333,3
"ccaac",-2.48261066666667,3
"cgaaa",-2.47713216666667,6
"aaaaa",-2.469424,6
"accac",-2.46608766666667,3
"acaac",-2.465237,3
"uguga",-2.45247228571429,21
"cagac",-2.45124833333333,3
"ggaag",-2.44860383333333,6
"uuuga",-2.44225077777778,9
"caaaa",-2.44193933333333,6
"aagac",-2.43387433333333,3
"uuugu",-2.42644366666667,9
"uagag",-2.42242433333333,6
"uccag",-2.42121,6
"cgcag",-2.419284,3
"ucucu",-2.41858266666667,9
"cgaag",-2.41843333333333,3
"gaaag",-2.41341116666667,6
"agcag",-2.40191066666667,3
"agaag",-2.40106,3
"ucaag",-2.39253616666667,6
"cacag",-2.367695,3
"caaag",-2.36684466666667,3
"guucu",-2.359785,9
"uggaa",-2.35403266666667,21
"aacag",-2.35032166666667,3
"aaaag",-2.34947066666667,3
"gauau",-2.34241061904762,21
"uucuu",-2.32391422222222,9
"uuaua",-2.31952711111111,9
"ggcau",-2.3071539047619,21
"uugca",-2.29608566666667,9
"guuuc",-2.29277533333333,6
"ucuca",-2.285151,9
"uucgu",-2.25045833333333,9
"uuaga",-2.24581044444444,9
"uaauu",-2.24354433333333,9
"ucccu",-2.24259744444444,9
"uagcu",-2.21787733333333,9
"gcuaa",-2.21630322222222,9
"gucuc",-2.205351,6
"guugc",-2.19844166666667,6
"uuuug",-2.1815845,6
"uaagu",-2.17008833333333,9
"gaucu",-2.15620455555556,9
"gccaa",-2.14659077777778,9
"ggacu",-2.12959244444444,9
"gggaa",-2.12911922222222,9
"uuugg",-2.1244395,6
"gccau",-2.11695985714286,21
"ggccu",-2.11189433333333,9
"gucgc",-2.11101716666667,6
"gagaa",-2.09939177777778,9
"ucaca",-2.08871066666667,9
"augaa",-2.08864966666667,6
"uauug",-2.07987466666667,6
"cugaa",-2.061165,6
"gagau",-2.04983852380952,21
"gugag",-2.03263666666667,6
"ucucg",-2.02905716666667,6
"uaugg",-2.02272983333333,6
"gcucc",-2.02015933333333,6
"uuguc",-1.99396233333333,6
"cuccu",-1.99310133333333,6
"caucu",-1.97995783333333,6
"ucuuu",-1.96040144444444,9
"auccu",-1.95616566666667,6
"ggauc",-1.95189183333333,6
"aaucu",-1.943022,6
"uuggc",-1.93681733333333,6
"gcccc",-1.932735,6
"aguca",-1.92449883333333,6
"gggcc",-1.924475,6
"cgccu",-1.92123833333333,6
"caacu",-1.9210885,6
"gaauc",-1.916699,6
"cguca",-1.89701416666667,6
"uaguc",-1.89225283333333,6
"uccuc",-1.89103833333333,6
"aauca",-1.88930583333333,6
"gagcc",-1.88928216666667,6
"ucugu",-1.88694555555556,9
"agccu",-1.884303,6
"aaacu",-1.88415283333333,6
"ggucg",-1.868486,6
"ucauc",-1.8623645,6
"cauca",-1.8618215,6
"ggagc",-1.857558,6
"guauu",-1.84958944444444,9
"acaaa",-1.84345033333333,6
"ucgcc",-1.841435,6
"agcca",-1.83707433333333,6
"uaggc",-1.83510783333333,6
"uccgc",-1.83389333333333,6
"gaucg",-1.83329316666667,6
"gucuu",-1.83189133333333,9
"gaagc",-1.82236533333333,6
"gugcu",-1.81959733333333,9
"ccaaa",-1.81596566666667,6
"cgcca",-1.80958966666667,6
"ucagc",-1.8052195,6
"aacca",-1.8018815,6
"gcaag",-1.78743733333333,6
"uccuu",-1.78441611111111,9
"ggccg",-1.78106133333333,6
"cacca",-1.774397,6
"gguua",-1.76358811111111,9
"uaguu",-1.75969622222222,9
"guagu",-1.75134088888889,9
"gaccg",-1.74586866666667,6
"gauua",-1.73386066666667,9
"gucgu",-1.73364288888889,9
"ucgag",-1.73203066666667,6
"uccgu",-1.71096022222222,9
"gcgaa",-1.70090833333333,9
"ggcua",-1.69387577777778,9
"uacaa",-1.69140566666667,9
"gcacu",-1.68821311111111,9
"uaggu",-1.68624044444444,9
"gcccu",-1.670515,9
"gguga",-1.66507877777778,9
"gacua",-1.66414833333333,9
"gaauu",-1.646009,9
"gauga",-1.63535144444444,9
"gacuu",-1.628311,9
"gagcu",-1.616017,9
"ggcga",-1.59536633333333,9
"gacga",-1.565639,9
"gaagu",-1.54776044444444,9
"auuua",-1.53594816666667,6
"guguc",-1.53592466666667,6
"gacgu",-1.53006244444444,9
"cuuua",-1.508464,6
"cuuuc",-1.49986833333333,3
"auuuc",-1.48249466666667,3
"guuug",-1.47993533333333,6
"uuacu",-1.47779811111111,9
"aucua",-1.44852383333333,6
"auuga",-1.4416145,6
"guggc",-1.44159066666667,6
"cucua",-1.42103933333333,6
"cuugc",-1.41806133333333,3
"cuuga",-1.41413,6
"auugc",-1.400688,3
"gguac",-1.39454933333333,6
"gucug",-1.39251083333333,6
"ucuug",-1.389481,6
"cuucg",-1.38909766666667,3
"cguuc",-1.38862533333333,3
"guugg",-1.3856015,6
"auucg",-1.371724,3
"aguuc",-1.371252,3
"gauac",-1.35935666666667,6
"cucuc",-1.359307,3
"cuauc",-1.35845633333333,3
"aucga",-1.35419,6
"ccucc",-1.34203166666667,3
"aucuc",-1.34193366666667,3
"auauc",-1.34108266666667,3
"cauuc",-1.337036,3
"gcuua",-1.33537733333333,9
"ucugg",-1.332336,6
"cugcc",-1.33208966666667,3
"cucga",-1.3267055,6
"acucc",-1.32465833333333,3
"aauuc",-1.31966266666667,3
"augcc",-1.314716,3
"ggcac",-1.30712466666667,6
"cgugc",-1.306818,3
"gucgg",-1.298177,6
"gcauc",-1.29072533333333,6
"agugc",-1.28944466666667,3
"cucuu",-1.28868566666667,6
"cgucg",-1.27785433333333,3
"cucgc",-1.2775,3
"cuagc",-1.27664933333333,3
"cauuu",-1.275542,6
"gacac",-1.271932,6
"gccua",-1.265665,9
"acuca",-1.26333233333333,6
"gcgcc",-1.26330866666667,6
"agucg",-1.260481,3
"aucgc",-1.26012666666667,3
"auagc",-1.25927566666667,3
"caugc",-1.25522933333333,3
"aucuu",-1.25175016666667,6
"uccaa",-1.24997555555556,9
"cuccg",-1.24853666666667,3
"gggua",-1.24819322222222,9
"cgcuc",-1.24806433333333,3
"cuacg",-1.247686,3
"cgauc",-1.24721333333333,3
"uacca",-1.24609377777778,9
"ccccu",-1.240319,6
"aauuu",-1.2386065,6
"aaugc",-1.23785533333333,3
"gcuga",-1.23686788888889,9
"ccuca",-1.23584783333333,6
"uagaa",-1.23255444444444,9
"auccg",-1.23116266666667,3
"agcuc",-1.23069066666667,3
"auacg",-1.23031166666667,3
"agauc",-1.22983966666667,3
"caucg",-1.22626533333333,3
"cggcc",-1.22084633333333,3
"gagua",-1.21846577777778,9
"cgcuu",-1.21682283333333,6
"caauu",-1.21667283333333,6
"aaucg",-1.20889166666667,3
"gcucg",-1.20731933333333,6
"aggcc",-1.20347266666667,3
"acccu",-1.20338333333333,6
"ucguc",-1.201859,6
"ccccc",-1.20147066666667,3
"ccacc",-1.20061966666667,3
"ccuag",-1.19981133333333,3
"cacuc",-1.196475,3
"gcagc",-1.1963915,6
"caauc",-1.195624,3
"agaua",-1.19506466666667,6
"cucgu",-1.19474333333333,6
"cugag",-1.18986933333333,3
"cagcu",-1.185918,6
"acccc",-1.184097,3
"acacc",-1.183246,3
"acuag",-1.18243766666667,3
"caugu",-1.1815995,6
"agcuu",-1.17988716666667,6
"aaauu",-1.17973733333333,6
"aacuc",-1.17910133333333,3
"aaauc",-1.17825066666667,3
"accca",-1.175908,6
"augag",-1.17249566666667,3
"cagcc",-1.16925766666667,3
"aggca",-1.16764783333333,6
"cgaua",-1.16758016666667,6
"gccga",-1.16715544444444,9
"cgcgc",-1.16625666666667,3
"cgagc",-1.165406,3
"aaaua",-1.15987183333333,6
"aucgu",-1.1578075,6
"aagcc",-1.15188366666667,3
"gggga",-1.14968388888889,9
"aagcu",-1.1489825,6
"agcgc",-1.14888333333333,3
"cccca",-1.14842316666667,6
"agagc",-1.14803266666667,3
"ucggc",-1.144714,6
"aaugu",-1.14466383333333,6
"ccgac",-1.14280333333333,3
"cggca",-1.14016333333333,6
"ggaug",-1.13905166666667,6
"cgccg",-1.13729333333333,3
"cgacg",-1.13644266666667,3
"aagca",-1.13245516666667,6
"caaua",-1.13238733333333,6
"acgac",-1.12542966666667,3
"cgcgu",-1.12288016666667,6
"caagu",-1.12273033333333,6
"gagga",-1.11995633333333,9
"agccg",-1.11991966666667,3
"gcccg",-1.11989483333333,6
"agacg",-1.119069,3
"cacgc",-1.114668,3
"caagc",-1.113817,3
"gggcg",-1.111635,6
"cagca",-1.10497066666667,6
"gaaug",-1.103859,6
"agaga",-1.10073083333333,6
"aacgc",-1.09729433333333,3
"aaagc",-1.09644366666667,3
"agcgu",-1.08594466666667,6
"aaagu",-1.08579466666667,6
"caccg",-1.08570466666667,3
"caacg",-1.08485366666667,3
"cggag",-1.07862633333333,3
"gagcg",-1.07644216666667,6
"cgaga",-1.07324633333333,6
"aaccg",-1.06833066666667,3
"aaacg",-1.06747966666667,3
"aaaga",-1.06553816666667,6
"aggag",-1.06125266666667,3
"cccag",-1.05925033333333,3
"ccaag",-1.05839966666667,3
"ggagg",-1.04471783333333,6
"accag",-1.041877,3
"acaag",-1.041026,3
"caaga",-1.0380535,6
"uucua",-1.03548033333333,9
"cagag",-1.02703733333333,3
"uuauu",-1.01961688888889,9
"aagag",-1.00966366666667,3
"gaagg",-1.00952516666667,6
"uauua",-1.00712422222222,9
"uugcu",-0.993950222222222,9
"uucga",-0.961763555555555,9
"uuagu",-0.946160888888889,9
"ucacu",-0.938299777777778,9
"uauga",-0.933407555555556,9
"ggucu",-0.877105111111111,9
"gcgua",-0.819982444444444,9
"uaaua",-0.810683888888889,9
"uccca",-0.804663666666667,9
"ucgaa",-0.791124222222222,9
"uagca",-0.787242555555556,9
"augua",-0.779097333333333,6
"guaau",-0.765566571428571,21
"ugccu",-0.755758190476191,21
"cugua",-0.751613,6
"uaaga",-0.736967222222222,9
"gcuac",-0.733382833333333,6
"gugug",-0.723084333333333,6
"gcgga",-0.721473,9
"augga",-0.684763833333333,6
"ugaca",-0.665406428571429,21
"cugga",-0.657279,6
"gccac",-0.645958166666667,6
"aguaa",-0.637722333333333,6
"gggac",-0.637698333333333,6
"guggg",-0.628750833333333,6
"uuccg",-0.617573333333333,6
"cguaa",-0.6102375,6
"aauaa",-0.602529333333333,6
"gagac",-0.6025055,6
"guuuu",-0.597101888888889,9
"uuacg",-0.5888995,6
"gguag",-0.581709166666667,6
"ugcuu",-0.578987952380952,21
"uugua",-0.576629,9
"cauaa",-0.575045,6
"ucuua",-0.565694444444444,9
"agcaa",-0.550297666666667,6
"gauag",-0.546516333333333,6
"cccuu",-0.5359035,6
"uuguu",-0.535768888888889,9
"acaua",-0.533898166666667,6
"ugcgu",-0.528945142857143,21
"cgcaa",-0.522812833333333,6
"uaccg",-0.515864,6
"aacaa",-0.515104833333333,6
"acgca",-0.5064815,6
"ccaua",-0.506413833333333,6
"uugga",-0.502912222222222,9
"accuu",-0.498967666666667,6
"guugu",-0.498853333333333,9
"ggcag",-0.494284833333333,6
"ucuga",-0.491977555555556,9
"cacaa",-0.487620333333333,6
"uaacg",-0.487189666666667,6
"caguu",-0.481502333333333,6
"ucauu",-0.480118666666667,9
"ccgca",-0.478996666666667,6
"gcaug",-0.477885333333333,6
"uuggu",-0.462313,9
"gacag",-0.459092,6
"ucgcu",-0.454451888888889,9
"gcgcg",-0.4504685,6
"aaguu",-0.444566833333333,6
"cccgu",-0.441960833333333,6
"acaga",-0.439564333333333,6
"gcucu",-0.435725777777778,9
"ccaga",-0.412079666666667,6
"ucagu",-0.406662666666667,9
"accgu",-0.405025333333333,6
"gauuu",-0.393521666666667,9
"caggu",-0.387559833333333,6
"gcagg",-0.3835515,6
"ucaua",-0.369254111111111,9
"ggauu",-0.366909666666667,9
"aaggu",-0.350624,6
"ggcuu",-0.349211444444445,9
"ucgca",-0.345812333333333,9
"gggcu",-0.336917444444445,9
"ucaga",-0.295537333333333,9
"gaugu",-0.295273111111111,9
"ggagu",-0.268661,9
"ggcgu",-0.250962888888889,9
"guuau",-0.215258761904762,21
"ugacu",-0.164489333333333,21
"ugcca",-0.147384714285714,21
"cuucu",-0.123773166666667,6
"ggaau",-0.111570761904762,21
"auucu",-0.0868375,6
"gguuc",-0.084997,6
"cuuug",-0.0756573333333333,3
"cuacu",-0.0649040000000001,6
"auuug",-0.0582836666666666,3
"guguu",-0.0569144444444444,9
"cgucu",-0.0519103333333334,6
"gauuc",-0.0498043333333333,6
"ccuuc",-0.0285916666666666,3
"auacu",-0.0279685,6
"cuguc",-0.0186493333333334,3
"agucu",-0.0149745,6
"acuuc",-0.011218,3
"auguc",-0.00127566666666667,3
"ggcuc",0.00242733333333334,6
"ucguu",0.00372922222222217,9
"cuugg",0.00614966666666672,3
"cgacu",0.00695916666666663,6
"ggugc",0.0093368333333335,6
"ugauu",0.0122809047619048,21
"uucug",0.0220026666666667,6
"acuaa",0.0234443333333334,6
"gcgac",0.023468,6
"auugg",0.0235233333333333,3
"uggcu",0.0321332380952381,21
"cguug",0.0355856666666667,3
"gacuc",0.0376201666666666,6
"guggu",0.0413341111111111,9
"agacu",0.0438945,6
"gaugc",0.0445295,6
"uuaug",0.0506768333333332,6
"ccuaa",0.0509288333333333,6
"ugaua",0.051910380952381,21
"aguug",0.0529593333333334,3
"ccugc",0.0532156666666668,3
"ugagu",0.0623237142857142,21
"cuggc",0.063158,3
"cucug",0.0649036666666667,3
"cuaug",0.0657546666666667,3
"acugc",0.0705890000000002,3
"uggca",0.0708090952380953,21
"uugcg",0.0716058333333332,6
"gcauu",0.0744697777777778,9
"ucggu",0.0771853333333333,9
"gugau",0.0773134761904762,21
"gcaau",0.0786233333333333,21
"uucgg",0.0791476666666668,6
"gcuag",0.0794573333333334,6
"auggc",0.0805313333333334,3
"ccucg",0.0821793333333333,3
"aucug",0.0822773333333333,3
"auaug",0.0831283333333334,3
"cauug",0.0871746666666667,3
"cugcg",0.0921213333333333,3
"gccuu",0.0921677777777778,9
"cgguc",0.0925936666666667,3
"ggcgc",0.0967613333333335,6
"acucg",0.0995526666666667,3
"ugaga",0.102064952380952,21
"gcgcu",0.104461888888889,9
"aauug",0.104548333333333,3
"uuagg",0.1078215,6
"augcg",0.109495333333333,3
"agguc",0.109967333333333,3
"accaa",0.110868833333333,6
"cccuc",0.111969666666667,3
"ccauc",0.112820333333333,3
"cgugg",0.117393,3
"aggaa",0.119128833333333,6
"uacug",0.123712166666667,6
"accuc",0.129343333333333,3
"acauc",0.130194333333333,3
"gacgc",0.131954,6
"agugg",0.134766333333333,3
"cccaa",0.1383535,6
"ccgcc",0.139187333333333,3
"caguc",0.144182666666667,3
"cggaa",0.1466135,6
"gaguu",0.146666,9
"cucgg",0.146711,3
"cuagg",0.147561666666667,3
"uaaug",0.1523865,6
"aagaa",0.1543215,6
"acgcc",0.156561,3
"aaguc",0.161556333333333,3
"aucgg",0.164084666666667,3
"auagg",0.164935333333333,3
"gccag",0.166882,6
"caugg",0.168981666666667,3
"gcagu",0.172718222222222,9
"uagcg",0.1733155,6
"cgggc",0.174401,3
"ucccg",0.174529833333333,6
"gggag",0.175141666666667,6
"cgcug",0.176146666666667,3
"cgaug",0.176997333333333,3
"uacgg",0.180857333333333,6
"cagaa",0.181806166666667,6
"aaugg",0.186355333333333,3
"gccgu",0.190416333333333,9
"agggc",0.191774666666667,3
"agcug",0.193520666666667,3
"cccgc",0.193777,3
"agaug",0.194371,3
"ccagc",0.194627666666667,3
"ucacg",0.203203833333333,6
"cggcg",0.203364666666667,3
"ugguu",0.208903476190476,21
"uaagg",0.2095315,6
"gagag",0.2103345,6
"accgc",0.211150333333333,3
"acagc",0.212001,3
"cuuau",0.219775055555556,18
"aggcg",0.220738,3
"ccccg",0.222740333333333,3
"ccacg",0.223591,3
"cuaau",0.223615888888889,18
"caggc",0.225989666666667,3
"cacug",0.227735666666667,3
"caaug",0.228586666666667,3
"acccg",0.240114,3
"acacg",0.240964666666667,3
"aaggc",0.243363333333333,3
"gaggu",0.244914555555556,9
"aacug",0.245109333333333,3
"aaaug",0.245960333333333,3
"cagcg",0.254953333333333,3
"cgcgg",0.257954,3
"cgagg",0.258804666666667,3
"ugggu",0.258946238095238,21
"cguau",0.2653845,18
"cgaau",0.269225555555556,18
"auuau",0.269751944444444,18
"aagcg",0.272327,3
"auaau",0.273592666666667,18
"agcgg",0.275327666666667,3
"agagg",0.276178333333333,3
"ccgag",0.281407666666667,3
"acgag",0.298781,3
"cacgg",0.309542666666667,3
"caagg",0.310393333333333,3
"aguau",0.315361444444444,18
"agaau",0.319202166666667,18
"aacgg",0.326916666666667,3
"aaagg",0.327767666666667,3
"ugccg",0.369298611111111,18
"ugacg",0.416521555555556,18
"gguau",0.438737142857143,21
"uacua",0.473362888888889,9
"ccuau",0.493561055555556,18
"ccaau",0.497402055555556,18
"acuau",0.543537944444444,18
"uacga",0.547079555555556,9
"acaau",0.547378722222222,18
"cugau",0.555695333333333,18
"ugcug",0.559632,18
"ugcua",0.569932047619048,21
"gcuuc",0.576169333333333,6
"cuuuu",0.580642666666667,6
"ugcgg",0.600335666666667,18
"cggau",0.601305,18
"augau",0.605671944444444,18
"ugaug",0.606854944444444,18
"auuuu",0.617578,6
"ugcga",0.620086666666667,21
"uggcg",0.624158944444445,18
"gcuau",0.628931190476191,21
"ccucu",0.629009333333333,6
"cuauu",0.639511666666667,6
"ugagg",0.647558611111111,18
"aggau",0.651281555555556,18
"cguuu",0.6525055,6
"gccuc",0.663593833333333,6
"acucu",0.665944833333333,6
"cugcu",0.6702665,6
"gcugc",0.670503166666667,6
"aguua",0.671829833333333,6
"ggguc",0.671853666666667,6
"cuugu",0.674585333333333,6
"auauu",0.676447333333333,6
"ccacu",0.6878785,6
"aguuu",0.689441166666667,6
"cguua",0.699314333333333,6
"aauua",0.707022833333333,6
"gaguc",0.707046666666667,6
"augcu",0.707201833333333,6
"uugug",0.711182166666667,6
"cgauu",0.711374666666667,6
"auugu",0.711520666666667,6
"acacu",0.724814,6
"gguug",0.727842833333333,6
"gggau",0.731309285714286,21
"cuagu",0.733454333333333,6
"cauua",0.7345075,6
"cggcu",0.742129666666667,6
"cgugu",0.746448,6
"agauu",0.748310166666667,6
"gccgc",0.757927666666667,6
"agcua",0.759254333333333,6
"gauug",0.7630355,6
"aguga",0.766163833333333,6
"ggggc",0.766187333333333,6
"uuggg",0.768327166666667,6
"auagu",0.77039,6
"aggcu",0.779064833333333,6
"acgaa",0.780295166666667,6
"agugu",0.783383666666667,6
"cgcua",0.786739,6
"uggua",0.788125857142857,21
"cguga",0.793648333333333,6
"aacua",0.794447333333333,6
"aauga",0.801356666666667,6
"gaggc",0.801380333333333,6
"cgagu",0.805317333333333,6
"ccgaa",0.80778,6
"uagug",0.8128915,6
"uccug",0.814106166666667,6
"uggug",0.814492277777778,18
"ggcug",0.8152675,6
"cacua",0.821931833333333,6
"ggugg",0.822176833333333,6
"cauga",0.828840833333333,6
"ccgau",0.8294815,18
"gcgag",0.836308166666667,6
"uggga",0.838280428571429,21
"agagu",0.842252833333333,6
"ucaug",0.84278,6
"gacug",0.850460166666667,6
"agcga",0.853588333333333,6
"ugggg",0.855195888888889,18
"gaugg",0.8573695,6
"ucgcg",0.863709166666667,6
"uaggg",0.8700365,6
"uccgg",0.871251166666667,6
"acgau",0.879458055555556,18
"cgcga",0.881072833333333,6
"gguuu",0.885577777777778,9
"aacga",0.888781,6
"ucagg",0.899925,6
"ggcgg",0.909601166666667,6
"uccua",0.914792888888889,9
"cacga",0.9162655,6
"gcgau",0.921503380952381,21
"uagua",0.932214111111111,9
"gacgg",0.944794,6
"ggugu",0.983826333333333,9
"uccga",0.988509777777778,9
"uagga",1.00593088888889,9
"gcuuu",1.326957,9
"acuua",1.3329965,6
"gcguc",1.33302033333333,6
"ccuuu",1.333425,6
"ccuua",1.36048083333333,6
"acuuu",1.3703605,6
"ucgua",1.37364411111111,9
"cuguu",1.37468216666667,6
"gcuug",1.38900966666667,6
"ccauu",1.392294,6
"ccuug",1.39561966666667,3
"cugug",1.40556166666667,3
"auguu",1.41161783333333,6
"acuug",1.412993,3
"accua",1.42042083333333,6
"augug",1.42293533333333,3
"ccgcu",1.423049,6
"gcugu",1.42520577777778,9
"ggguu",1.42576544444444,9
"acuga",1.42733016666667,6
"gcggc",1.427354,6
"ccugu",1.4273675,6
"aggua",1.42868083333333,6
"acauu",1.42922966666667,6
"cgguu",1.44654516666667,6
"ucgga",1.44736111111111,9
"cccua",1.4479055,6
"ccguc",1.45262733333333,3
"ccuga",1.45481483333333,6
"cggua",1.4561655,6
"acgcu",1.45998433333333,6
"aagua",1.46387366666667,6
"acugu",1.464303,6
"cuggu",1.46862466666667,6
"acguc",1.47000133333333,3
"gccug",1.47643383333333,6
"ccugg",1.47742666666667,3
"gcugg",1.48334333333333,6
"agguu",1.4834805,6
"gggug",1.48469383333333,6
"ccagu",1.48623666666667,6
"cuggg",1.48736866666667,3
"cagua",1.49135816666667,6
"acugg",1.4948,3
"ucgug",1.5032855,6
"auggg",1.50474233333333,3
"auggu",1.50556016666667,6
"accga",1.51475466666667,6
"cggug",1.51680466666667,3
"gagug",1.51988666666667,6
"aggga",1.52301483333333,6
"acagu",1.52317233333333,6
"ggggu",1.52401411111111,9
"aggug",1.53417833333333,3
"ccggc",1.534435,3
"cccug",1.53618066666667,3
"ccaug",1.537031,3
"cgggu",1.54048783333333,6
"cccga",1.5422395,6
"cggga",1.55049933333333,6
"acggc",1.55180833333333,3
"accug",1.55355433333333,3
"acaug",1.554405,3
"aagga",1.55820733333333,6
"ucggg",1.5604305,6
"ccgcg",1.56339833333333,3
"cagug",1.56839366666667,3
"gccgg",1.57076783333333,6
"agggu",1.57742316666667,6
"ggggg",1.57902766666667,6
"acgcg",1.580772,3
"cagga",1.585692,6
"aagug",1.58576733333333,3
"cgggg",1.59861166666667,3
"gaggg",1.6142205,6
"agggg",1.61598566666667,3
"cccgg",1.61798766666667,3
"ccagg",1.61883866666667,3
"accgg",1.63536133333333,3
"acagg",1.636212,3
"caggg",1.65020066666667,3
"aaggg",1.66757466666667,3
"gcguu",1.86714477777778,9
"gcggu",1.96539333333333,9
"acgua",2.08984733333333,6
"ccgua",2.11733183333333,6
"ccguu",2.1274645,6
"gcgug",2.14586016666667,6
"acguu",2.1644,6
"acgga",2.18418116666667,6
"ccgga",2.211666,6
"ccggu",2.22140716666667,6
"gcggg",2.240194,6
"acggu",2.25834266666667,6
"ccgug",2.87683833333333,3
"acgug",2.89421233333333,3
"ccggg",2.95864566666667,3
"acggg",2.97601933333333,3
