"iteration","motif","mean_IRIS_score","occurrences","sequences"
1,"CUAAC",-20.3530021480144,277,276
2,"CUCAC",-18.1515205277778,36,36
3,"CUUAC",-17.9521044722222,36,36
4,"CUGAC",-17.6637578333333,36,36
5,"CUACC",-17.3436210833333,24,24
6,"CUAUC",-17.1249165,24,24
7,"AUUAU",-17.1165094285714,28,28
8,"CUAGC",-17.062047125,24,24
9,"AAUAU",-16.8391835,16,16
10,"AAUAA",-16.7011038865979,97,95
11,"CAAAC",-16.5357135,72,72
12,"CCAAC",-16.4312864507042,71,71
13,"CGAAC",-16.4262168055556,72,72
14,"CUAAG",-16.3696295909091,22,22
15,"AUUUU",-16.31253675,28,28
16,"GUAAC",-16.2349852307692,260,260
17,"UUAAC",-16.1607936653846,260,260
18,"AUCAU",-16.1972583461538,26,26
19,"AUGAU",-16.0048861851852,27,27
20,"CUAAU",-15.9470854444444,18,18
21,"ACCAA",-15.9037078550725,69,69
22,"UAUUC",-15.8327224625,80,80
23,"AGUAU",-15.6128122666667,15,15
24,"CACAC",-15.60307425,20,19
25,"GUCAU",-15.5455837777778,9,9
26,"GUCAC",-15.4519207894737,19,19
27,"CGCAC",-15.424076047619,21,21
28,"CCCAC",-15.4101172857143,21,21
29,"UUAUA",-15.3609466551724,29,29
30,"CAUAC",-15.33522395,20,20
31,"UCAUA",-15.2916459411765,17,17
32,"CAAUC",-15.2763857,10,10
33,"AGCAA",-15.2196792650602,83,83
34,"CAGAC",-15.1780697272727,22,22
35,"GUUAU",-15.060666,2,2
36,"UAACA",-15.0097283351955,179,178
37,"AUCCU",-15.0020095625,16,16
38,"GUUAC",-14.99669255,20,20
39,"CGUAC",-14.9670947272727,22,22
40,"CAAAG",-14.9246497142857,7,7
41,"AAAAU",-14.919181,9,9
42,"CCUAC",-14.8817751,20,20
43,"AAAAA",-14.8538024285714,42,31
44,"UUACA",-14.8363281388889,36,36
45,"CCAUC",-14.8103772727273,11,11
46,"GUGAC",-14.80923455,20,20
47,"CAAAU",-14.7852133333333,6,6
48,"CGGAC",-14.7793320454545,22,22
49,"UCACA",-14.7716889333333,30,30
50,"CCGAC",-14.7675499545455,22,22
