"0","###############################################################"
"0","## END PART 2"
"0","##"
"0","## Part 3 will implement:"
"0","##"
"0","## - iterative motif selection"
"0","## - occurrence masking"
"0","## - stopping conditions"
"0","## - output of stepwise motifs"
"0","##"
"0","###############################################################"
"0",""
"0","###############################################################"
"0","## PART 3"
"0","##"
"0","## Iterative IRIS stepwise motif discovery"
"0","##"
"0","## Equivalent concept:"
"0","##"
"0","## RBNS:"
"0","##   Find strongest kmer"
"0","##   Assign R-1"
"0","##   Mask occurrences"
"0","##   Recalculate enrichment"
"0","##   Repeat"
"0","##"
"0","## IRIS:"
"0","##   Find strongest predicted 5mer"
"0","##   Assign mean IRIS score"
"0","##   Mask occurrences"
"0","##   Recalculate mean IRIS scores"
"0","##   Repeat"
"0","##"
"0","###############################################################"
"0",""
"0",""
"0",""
"0","###############################################################"
"0","## Mask all occurrences of selected motif"
"0","##"
"0","## Only the selected 5mer positions are masked."
"0","##"
"0","## Overlapping occurrences are also masked."
"0","##"
"0","###############################################################"
"0",""
"0","mask_selected_motif <- function("
"0","    motif,"
"0","    data,"
"0","    masked_positions"
"0",")"
"0","{"
"0",""
"0",""
"0","    motif_chars <- strsplit("
"0","        motif,"
"0","        """""
"0","    )[[1]]"
"0",""
"0",""
"0",""
"0","    motif_length <- nchar("
"0","        motif"
"0","    )"
"0",""
"0",""
"0",""
"0","    ###########################################################"
"0","    ## Search every RNA sequence"
"0","    ###########################################################"
"0",""
"0","    for(i in seq_len(nrow(data)))"
"0","    {"
"0",""
"0","        rna <- data$rna[i]"
"0",""
"0",""
"0","        chars <- strsplit("
"0","            rna,"
"0","            """""
"0","        )[[1]]"
"0",""
"0",""
"0","        n <- nchar("
"0","            rna"
"0","        )"
"0",""
"0",""
"0",""
"0","        if(n < motif_length)"
"0","            next"
"0",""
"0",""
"0",""
"0","        #######################################################"
"0","        ## Slide motif window"
"0","        #######################################################"
"0",""
"0","        for(pos in 1:(n-motif_length+1))"
"0","        {"
"0",""
"0",""
"0","            positions <- pos:(pos+motif_length-1)"
"0",""
"0",""
"0",""
"0","            candidate <-"
"0","                chars[positions]"
"0",""
"0",""
"0",""
"0","            candidate <-"
"0","                paste0("
"0","                    candidate,"
"0","                    collapse="""""
"0","                )"
"0",""
"0",""
"0",""
"0","            if("
"0","                candidate == motif"
"0","            )"
"0","            {"
"0",""
"0","                masked_positions[[i]][positions] <-"
"0","                    TRUE"
"0",""
"0","            }"
"0",""
"0",""
"0","        }"
"0",""
"0","    }"
"0",""
"0",""
"0","    return("
"0","        masked_positions"
"0","    )"
"0",""
"0","}"
"0",""
"0",""
"0",""
"0",""
"0",""
"0","###############################################################"
"0","## Main iterative discovery loop"
"0","###############################################################"
"0",""
"0",""
"0","cat("
"0","""\n====================================\n"""
"0",")"
"1","
====================================
"
"0","cat("
"0","""Starting IRIS stepwise discovery\n"""
"0",")"
"1","Starting IRIS stepwise discovery
"
"0","cat("
"0","""====================================\n"""
"0",")"
"1","====================================
"
"0","for(iter in 1:max_iterations)"
"0","{"
"0",""
"0",""
"0","    cat("
"0","        ""\nIteration:"","
"0","        iter,"
"0","        ""\n"""
"0","    )"
"0",""
"0",""
"0",""
"0","    ###########################################################"
"0","    ## Generate remaining unmasked 5mers"
"0","    ###########################################################"
"0",""
"0","    available_library <-"
"0","        generate_available_5mers("
"0","            data,"
"0","            masked_positions"
"0","        )"
"0",""
"0",""
"0",""
"0","    cat("
"0","        ""Available 5mers:"","
"0","        nrow(available_library),"
"0","        ""\n"""
"0","    )"
"0",""
"0",""
"0",""
"0","    if("
"0","        nrow(available_library)==0"
"0","    )"
"0","    {"
"0",""
"0","        cat("
"0","            ""No remaining 5mers. Stopping.\n"""
"0","        )"
"0",""
"0","        break"
"0",""
"0","    }"
"0",""
"0",""
"0",""
"0","    ###########################################################"
"0","    ## Rank remaining 5mers"
"0","    ###########################################################"
"0",""
"0","    ranked <-"
"0","        rank_stepwise_5mers("
"0","            available_library"
"0","        )"
"0",""
"0",""
"0",""
"0","    if("
"0","        nrow(ranked)==0"
"0","    )"
"0","    {"
"0",""
"0","        break"
"0",""
"0","    }"
"0",""
"0",""
"0",""
"0","    ###########################################################"
"0","    ## Select strongest remaining motif"
"0","    ###########################################################"
"0",""
"0","    best <-"
"0","        select_best_stepwise_motif("
"0","            ranked"
"0","        )"
"0",""
"0",""
"0",""
"0","    motif <- best$kmer"
"0",""
"0",""
"0",""
"0","    score <- best$mean_IRIS_score"
"0",""
"0",""
"0",""
"0","    ###########################################################"
"0","    ## Check stopping threshold"
"0","    ###########################################################"
"0",""
"0","    if("
"0","        score > min_IRIS_score"
"0","    )"
"0","    {"
"0",""
"0","        cat("
"0","            ""IRIS score threshold reached.\n"""
"0","        )"
"0",""
"0","        break"
"0",""
"0","    }"
"0",""
"0",""
"0",""
"0","    ###########################################################"
"0","    ## Count occurrences before masking"
"0","    ###########################################################"
"0",""
"0","    occurrences <-"
"0","        best$n_occurrences"
"0",""
"0",""
"0",""
"0","    sequences <-"
"0","        best$n_sequences"
"0",""
"0",""
"0",""
"0","    if("
"0","        occurrences < min_occurrences"
"0","    )"
"0","    {"
"0",""
"0","        cat("
"0","            ""Insufficient occurrences. Stopping.\n"""
"0","        )"
"0",""
"0","        break"
"0",""
"0","    }"
"0",""
"0",""
"0",""
"0","    ###########################################################"
"0","    ## Record discovered motif"
"0","    ###########################################################"
"0",""
"0","    stepwise_results <-"
"0",""
"0","        rbind("
"0",""
"0","            stepwise_results,"
"0",""
"0","            data.frame("
"0",""
"0","                iteration = iter,"
"0",""
"0","                motif = motif,"
"0",""
"0","                mean_IRIS_score = score,"
"0",""
"0","                occurrences = occurrences,"
"0",""
"0","                sequences = sequences,"
"0",""
"0","                stringsAsFactors = FALSE"
"0",""
"0","            )"
"0",""
"0","        )"
"0",""
"0",""
"0",""
"0","    cat("
"0","        ""Selected motif:"","
"0","        motif,"
"0","        ""\n"""
"0","    )"
"0",""
"0","    cat("
"0","        ""Mean IRIS score:"","
"0","        score,"
"0","        ""\n"""
"0","    )"
"0",""
"0","    cat("
"0","        ""Occurrences:"","
"0","        occurrences,"
"0","        ""\n"""
"0","    )"
"0",""
"0",""
"0",""
"0","    ###########################################################"
"0","    ## Mask this motif from all RNA sequences"
"0","    ###########################################################"
"0",""
"0","    masked_positions <-"
"0",""
"0","        mask_selected_motif("
"0",""
"0","            motif,"
"0",""
"0","            data,"
"0",""
"0","            masked_positions"
"0",""
"0","        )"
"0",""
"0",""
"0",""
"0","}"
"1","
Iteration:"
"1"," "
"1","1"
"1"," "
"1","
"
"1","Available 5mers:"
"1"," "
"1","226304"
"1"," "
"1","
"
"1","Selected motif:"
"1"," "
"1","GUGCA"
"1"," "
"1","
"
"1","Mean IRIS score:"
"1"," "
"1","-29.07879"
"1"," "
"1","
"
"1","Occurrences:"
"1"," "
"1","284"
"1"," "
"1","
"
"1","
Iteration:"
"1"," "
"1","2"
"1"," "
"1","
"
"1","Available 5mers:"
"1"," "
"1","223789"
"1"," "
"1","
"
"1","Selected motif:"
"1"," "
"1","AUGCA"
"1"," "
"1","
"
"1","Mean IRIS score:"
"1"," "
"1","-28.1282"
"1"," "
"1","
"
"1","Occurrences:"
"1"," "
"1","313"
"1"," "
"1","
"
"1","
Iteration:"
"1"," "
"1","3"
"1"," "
"1","
"
"1","Available 5mers:"
"1"," "
"1","221070"
"1"," "
"1","
"
"1","Selected motif:"
"1"," "
"1","CUGCA"
"1"," "
"1","
"
"1","Mean IRIS score:"
"1"," "
"1","-28.0856"
"1"," "
"1","
"
"1","Occurrences:"
"1"," "
"1","307"
"1"," "
"1","
"
"1","
Iteration:"
"1"," "
"1","4"
"1"," "
"1","
"
"1","Available 5mers:"
"1"," "
"1","218351"
"1"," "
"1","
"
"1","Selected motif:"
"1"," "
"1","GGCAC"
"1"," "
"1","
"
"1","Mean IRIS score:"
"1"," "
"1","-27.94771"
"1"," "
"1","
"
"1","Occurrences:"
"1"," "
"1","286"
"1"," "
"1","
"
"1","
Iteration:"
"1"," "
"1","5"
"1"," "
"1","
"
"1","Available 5mers:"
"1"," "
"1","215814"
"1"," "
"1","
"
"1","Selected motif:"
"1"," "
"1","AGCAC"
"1"," "
"1","
"
"1","Mean IRIS score:"
"1"," "
"1","-26.99558"
"1"," "
"1","
"
"1","Occurrences:"
"1"," "
"1","289"
"1"," "
"1","
"
"1","
Iteration:"
"1"," "
"1","6"
"1"," "
"1","
"
"1","Available 5mers:"
"1"," "
"1","213262"
"1"," "
"1","
"
"1","Selected motif:"
"1"," "
"1","UCCGU"
"1"," "
"1","
"
"1","Mean IRIS score:"
"1"," "
"1","-26.50243"
"1"," "
"1","
"
"1","Occurrences:"
"1"," "
"1","350"
"1"," "
"1","
"
"1","
Iteration:"
"1"," "
"1","7"
"1"," "
"1","
"
"1","Available 5mers:"
"1"," "
"1","210280"
"1"," "
"1","
"
"1","Selected motif:"
"1"," "
"1","GUUGC"
"1"," "
"1","
"
"1","Mean IRIS score:"
"1"," "
"1","-26.41357"
"1"," "
"1","
"
"1","Occurrences:"
"1"," "
"1","278"
"1"," "
"1","
"
"1","
Iteration:"
"1"," "
"1","8"
"1"," "
"1","
"
"1","Available 5mers:"
"1"," "
"1","207787"
"1"," "
"1","
"
"1","Selected motif:"
"1"," "
"1","AAUUG"
"1"," "
"1","
"
"1","Mean IRIS score:"
"1"," "
"1","-26.25318"
"1"," "
"1","
"
"1","Occurrences:"
"1"," "
"1","344"
"1"," "
"1","
"
"1","
Iteration:"
"1"," "
"1","9"
"1"," "
"1","
"
"1","Available 5mers:"
"1"," "
"1","205064"
"1"," "
"1","
"
"1","Selected motif:"
"1"," "
"1","CGCAC"
"1"," "
"1","
"
"1","Mean IRIS score:"
"1"," "
"1","-26.11561"
"1"," "
"1","
"
"1","Occurrences:"
"1"," "
"1","307"
"1"," "
"1","
"
"1","
Iteration:"
"1"," "
"1","10"
"1"," "
"1","
"
"1","Available 5mers:"
"1"," "
"1","202394"
"1"," "
"1","
"
"1","Selected motif:"
"1"," "
"1","CCGGU"
"1"," "
"1","
"
"1","Mean IRIS score:"
"1"," "
"1","-26.03953"
"1"," "
"1","
"
"1","Occurrences:"
"1"," "
"1","115"
"1"," "
"1","
"
"1","
Iteration:"
"1"," "
"1","11"
"1"," "
"1","
"
"1","Available 5mers:"
"1"," "
"1","201467"
"1"," "
"1","
"
"1","Selected motif:"
"1"," "
"1","CUUGC"
"1"," "
"1","
"
"1","Mean IRIS score:"
"1"," "
"1","-25.90302"
"1"," "
"1","
"
"1","Occurrences:"
"1"," "
"1","305"
"1"," "
"1","
"
"1","
Iteration:"
"1"," "
"1","12"
"1"," "
"1","
"
"1","Available 5mers:"
"1"," "
"1","198747"
"1"," "
"1","
"
"1","Selected motif:"
"1"," "
"1","AAUUA"
"1"," "
"1","
"
"1","Mean IRIS score:"
"1"," "
"1","-25.89647"
"1"," "
"1","
"
"1","Occurrences:"
"1"," "
"1","95"
"1"," "
"1","
"
"1","
Iteration:"
"1"," "
"1","13"
"1"," "
"1","
"
"1","Available 5mers:"
"1"," "
"1","198325"
"1"," "
"1","
"
"1","Selected motif:"
"1"," "
"1","UUUGC"
"1"," "
"1","
"
"1","Mean IRIS score:"
"1"," "
"1","-25.74014"
"1"," "
"1","
"
"1","Occurrences:"
"1"," "
"1","299"
"1"," "
"1","
"
"1","
Iteration:"
"1"," "
"1","14"
"1"," "
"1","
"
"1","Available 5mers:"
"1"," "
"1","195664"
"1"," "
"1","
"
"1","Selected motif:"
"1"," "
"1","GAUUG"
"1"," "
"1","
"
"1","Mean IRIS score:"
"1"," "
"1","-25.69147"
"1"," "
"1","
"
"1","Occurrences:"
"1"," "
"1","280"
"1"," "
"1","
"
"1","
Iteration:"
"1"," "
"1","15"
"1"," "
"1","
"
"1","Available 5mers:"
"1"," "
"1","193162"
"1"," "
"1","
"
"1","Selected motif:"
"1"," "
"1","AAUAA"
"1"," "
"1","
"
"1","Mean IRIS score:"
"1"," "
"1","-25.57009"
"1"," "
"1","
"
"1","Occurrences:"
"1"," "
"1","89"
"1"," "
"1","
"
"1","
Iteration:"
"1"," "
"1","16"
"1"," "
"1","
"
"1","Available 5mers:"
"1"," "
"1","192777"
"1"," "
"1","
"
"1","Selected motif:"
"1"," "
"1","UAUUG"
"1"," "
"1","
"
"1","Mean IRIS score:"
"1"," "
"1","-25.48273"
"1"," "
"1","
"
"1","Occurrences:"
"1"," "
"1","279"
"1"," "
"1","
"
"1","
Iteration:"
"1"," "
"1","17"
"1"," "
"1","
"
"1","Available 5mers:"
"1"," "
"1","190267"
"1"," "
"1","
"
"1","Selected motif:"
"1"," "
"1","ACUCC"
"1"," "
"1","
"
"1","Mean IRIS score:"
"1"," "
"1","-25.4601"
"1"," "
"1","
"
"1","Occurrences:"
"1"," "
"1","4792"
"1"," "
"1","
"
"1","
Iteration:"
"1"," "
"1","18"
"1"," "
"1","
"
"1","Available 5mers:"
"1"," "
"1","146756"
"1"," "
"1","
"
"1","Selected motif:"
"1"," "
"1","AAUAC"
"1"," "
"1","
"
"1","Mean IRIS score:"
"1"," "
"1","-26.13948"
"1"," "
"1","
"
"1","Occurrences:"
"1"," "
"1","93"
"1"," "
"1","
"
"1","
Iteration:"
"1"," "
"1","19"
"1"," "
"1","
"
"1","Available 5mers:"
"1"," "
"1","146322"
"1"," "
"1","
"
"1","Selected motif:"
"1"," "
"1","AAUAG"
"1"," "
"1","
"
"1","Mean IRIS score:"
"1"," "
"1","-25.33657"
"1"," "
"1","
"
"1","Occurrences:"
"1"," "
"1","89"
"1"," "
"1","
"
"1","
Iteration:"
"1"," "
"1","20"
"1"," "
"1","
"
"1","Available 5mers:"
"1"," "
"1","145944"
"1"," "
"1","
"
"1","Selected motif:"
"1"," "
"1","AAUCA"
"1"," "
"1","
"
"1","Mean IRIS score:"
"1"," "
"1","-25.3031"
"1"," "
"1","
"
"1","Occurrences:"
"1"," "
"1","276"
"1"," "
"1","
"
"1","
Iteration:"
"1"," "
"1","21"
"1"," "
"1","
"
"1","Available 5mers:"
"1"," "
"1","144625"
"1"," "
"1","
"
"1","Selected motif:"
"1"," "
"1","AAUGC"
"1"," "
"1","
"
"1","Mean IRIS score:"
"1"," "
"1","-25.26703"
"1"," "
"1","
"
"1","Occurrences:"
"1"," "
"1","74"
"1"," "
"1","
"
"1","
Iteration:"
"1"," "
"1","22"
"1"," "
"1","
"
"1","Available 5mers:"
"1"," "
"1","144234"
"1"," "
"1","
"
"1","Selected motif:"
"1"," "
"1","AAUGU"
"1"," "
"1","
"
"1","Mean IRIS score:"
"1"," "
"1","-25.22156"
"1"," "
"1","
"
"1","Occurrences:"
"1"," "
"1","94"
"1"," "
"1","
"
"1","
Iteration:"
"1"," "
"1","23"
"1"," "
"1","
"
"1","Available 5mers:"
"1"," "
"1","143839"
"1"," "
"1","
"
"1","Selected motif:"
"1"," "
"1","AAUUC"
"1"," "
"1","
"
"1","Mean IRIS score:"
"1"," "
"1","-25.00069"
"1"," "
"1","
"
"1","Occurrences:"
"1"," "
"1","107"
"1"," "
"1","
"
"1","
Iteration:"
"1"," "
"1","24"
"1"," "
"1","
"
"1","Available 5mers:"
"1"," "
"1","143320"
"1"," "
"1","
"
"1","Selected motif:"
"1"," "
"1","AAUCU"
"1"," "
"1","
"
"1","Mean IRIS score:"
"1"," "
"1","-24.80588"
"1"," "
"1","
"
"1","Occurrences:"
"1"," "
"1","289"
"1"," "
"1","
"
"1","
Iteration:"
"1"," "
"1","25"
"1"," "
"1","
"
"1","Available 5mers:"
"1"," "
"1","141939"
"1"," "
"1","
"
"1","Selected motif:"
"1"," "
"1","AAUCG"
"1"," "
"1","
"
"1","Mean IRIS score:"
"1"," "
"1","-24.56091"
"1"," "
"1","
"
"1","Occurrences:"
"1"," "
"1","287"
"1"," "
"1","
"
"1","
Iteration:"
"1"," "
"1","26"
"1"," "
"1","
"
"1","Available 5mers:"
"1"," "
"1","140563"
"1"," "
"1","
"
"1","Selected motif:"
"1"," "
"1","AAUGA"
"1"," "
"1","
"
"1","Mean IRIS score:"
"1"," "
"1","-24.16631"
"1"," "
"1","
"
"1","Occurrences:"
"1"," "
"1","93"
"1"," "
"1","
"
"1","
Iteration:"
"1"," "
"1","27"
"1"," "
"1","
"
"1","Available 5mers:"
"1"," "
"1","140132"
"1"," "
"1","
"
"1","Selected motif:"
"1"," "
"1","AAUAU"
"1"," "
"1","
"
"1","Mean IRIS score:"
"1"," "
"1","-23.95765"
"1"," "
"1","
"
"1","Occurrences:"
"1"," "
"1","102"
"1"," "
"1","
"
"1","
Iteration:"
"1"," "
"1","28"
"1"," "
"1","
"
"1","Available 5mers:"
"1"," "
"1","139672"
"1"," "
"1","
"
"1","Selected motif:"
"1"," "
"1","GAAUA"
"1"," "
"1","
"
"1","Mean IRIS score:"
"1"," "
"1","-30.20253"
"1"," "
"1","
"
"1","Occurrences:"
"1"," "
"1","1"
"1"," "
"1","
"
"1","
Iteration:"
"1"," "
"1","29"
"1"," "
"1","
"
"1","Available 5mers:"
"1"," "
"1","139651"
"1"," "
"1","
"
"1","Selected motif:"
"1"," "
"1","AAAUA"
"1"," "
"1","
"
"1","Mean IRIS score:"
"1"," "
"1","-26.96893"
"1"," "
"1","
"
"1","Occurrences:"
"1"," "
"1","1"
"1"," "
"1","
"
"1","
Iteration:"
"1"," "
"1","30"
"1"," "
"1","
"
"1","Available 5mers:"
"1"," "
"1","139627"
"1"," "
"1","
"
"1","Selected motif:"
"1"," "
"1","CAAUA"
"1"," "
"1","
"
"1","Mean IRIS score:"
"1"," "
"1","-26.82576"
"1"," "
"1","
"
"1","Occurrences:"
"1"," "
"1","1"
"1"," "
"1","
"
"1","
Iteration:"
"1"," "
"1","31"
"1"," "
"1","
"
"1","Available 5mers:"
"1"," "
"1","139573"
"1"," "
"1","
"
"1","Selected motif:"
"1"," "
"1","AAUGG"
"1"," "
"1","
"
"1","Mean IRIS score:"
"1"," "
"1","-23.81603"
"1"," "
"1","
"
"1","Occurrences:"
"1"," "
"1","101"
"1"," "
"1","
"
"1","
Iteration:"
"1"," "
"1","32"
"1"," "
"1","
"
"1","Available 5mers:"
"1"," "
"1","139094"
"1"," "
"1","
"
"1","Selected motif:"
"1"," "
"1","GAAUG"
"1"," "
"1","
"
"1","Mean IRIS score:"
"1"," "
"1","-30.20253"
"1"," "
"1","
"
"1","Occurrences:"
"1"," "
"1","1"
"1"," "
"1","
"
"1","
Iteration:"
"1"," "
"1","33"
"1"," "
"1","
"
"1","Available 5mers:"
"1"," "
"1","139062"
"1"," "
"1","
"
"1","Selected motif:"
"1"," "
"1","AAAUG"
"1"," "
"1","
"
"1","Mean IRIS score:"
"1"," "
"1","-26.96893"
"1"," "
"1","
"
"1","Occurrences:"
"1"," "
"1","1"
"1"," "
"1","
"
"1","
Iteration:"
"1"," "
"1","34"
"1"," "
"1","
"
"1","Available 5mers:"
"1"," "
"1","139027"
"1"," "
"1","
"
"1","Selected motif:"
"1"," "
"1","CAAUG"
"1"," "
"1","
"
"1","Mean IRIS score:"
"1"," "
"1","-26.82576"
"1"," "
"1","
"
"1","Occurrences:"
"1"," "
"1","1"
"1"," "
"1","
"
"1","
Iteration:"
"1"," "
"1","35"
"1"," "
"1","
"
"1","Available 5mers:"
"1"," "
"1","138962"
"1"," "
"1","
"
"1","Selected motif:"
"1"," "
"1","AAACA"
"1"," "
"1","
"
"1","Mean IRIS score:"
"1"," "
"1","-23.55876"
"1"," "
"1","
"
"1","Occurrences:"
"1"," "
"1","40"
"1"," "
"1","
"
"1","
Iteration:"
"1"," "
"1","36"
"1"," "
"1","
"
"1","Available 5mers:"
"1"," "
"1","138722"
"1"," "
"1","
"
"1","Selected motif:"
"1"," "
"1","CUCUG"
"1"," "
"1","
"
"1","Mean IRIS score:"
"1"," "
"1","-23.38446"
"1"," "
"1","
"
"1","Occurrences:"
"1"," "
"1","85"
"1"," "
"1","
"
"1","
Iteration:"
"1"," "
"1","37"
"1"," "
"1","
"
"1","Available 5mers:"
"1"," "
"1","137942"
"1"," "
"1","
"
"1","Selected motif:"
"1"," "
"1","AAGCA"
"1"," "
"1","
"
"1","Mean IRIS score:"
"1"," "
"1","-23.292"
"1"," "
"1","
"
"1","Occurrences:"
"1"," "
"1","31"
"1"," "
"1","
"
"1","
Iteration:"
"1"," "
"1","38"
"1"," "
"1","
"
"1","Available 5mers:"
"1"," "
"1","137764"
"1"," "
"1","
"
"1","Selected motif:"
"1"," "
"1","CUCAG"
"1"," "
"1","
"
"1","Mean IRIS score:"
"1"," "
"1","-23.23259"
"1"," "
"1","
"
"1","Occurrences:"
"1"," "
"1","88"
"1"," "
"1","
"
"1","
Iteration:"
"1"," "
"1","39"
"1"," "
"1","
"
"1","Available 5mers:"
"1"," "
"1","136983"
"1"," "
"1","
"
"1","Selected motif:"
"1"," "
"1","AACCA"
"1"," "
"1","
"
"1","Mean IRIS score:"
"1"," "
"1","-23.18933"
"1"," "
"1","
"
"1","Occurrences:"
"1"," "
"1","40"
"1"," "
"1","
"
"1","
Iteration:"
"1"," "
"1","40"
"1"," "
"1","
"
"1","Available 5mers:"
"1"," "
"1","136743"
"1"," "
"1","
"
"1","Selected motif:"
"1"," "
"1","AAACU"
"1"," "
"1","
"
"1","Mean IRIS score:"
"1"," "
"1","-23.12262"
"1"," "
"1","
"
"1","Occurrences:"
"1"," "
"1","41"
"1"," "
"1","
"
"1","
Iteration:"
"1"," "
"1","41"
"1"," "
"1","
"
"1","Available 5mers:"
"1"," "
"1","136419"
"1"," "
"1","
"
"1","Selected motif:"
"1"," "
"1","AACUC"
"1"," "
"1","
"
"1","Mean IRIS score:"
"1"," "
"1","-23.10109"
"1"," "
"1","
"
"1","Occurrences:"
"1"," "
"1","24"
"1"," "
"1","
"
"1","
Iteration:"
"1"," "
"1","42"
"1"," "
"1","
"
"1","Available 5mers:"
"1"," "
"1","136125"
"1"," "
"1","
"
"1","Selected motif:"
"1"," "
"1","AACAC"
"1"," "
"1","
"
"1","Mean IRIS score:"
"1"," "
"1","-22.93353"
"1"," "
"1","
"
"1","Occurrences:"
"1"," "
"1","35"
"1"," "
"1","
"
"1","
Iteration:"
"1"," "
"1","43"
"1"," "
"1","
"
"1","Available 5mers:"
"1"," "
"1","135873"
"1"," "
"1","
"
"1","Selected motif:"
"1"," "
"1","AAGAC"
"1"," "
"1","
"
"1","Mean IRIS score:"
"1"," "
"1","-22.78247"
"1"," "
"1","
"
"1","Occurrences:"
"1"," "
"1","43"
"1"," "
"1","
"
"1","
Iteration:"
"1"," "
"1","44"
"1"," "
"1","
"
"1","Available 5mers:"
"1"," "
"1","135601"
"1"," "
"1","
"
"1","Selected motif:"
"1"," "
"1","AACGC"
"1"," "
"1","
"
"1","Mean IRIS score:"
"1"," "
"1","-22.75903"
"1"," "
"1","
"
"1","Occurrences:"
"1"," "
"1","42"
"1"," "
"1","
"
"1","
Iteration:"
"1"," "
"1","45"
"1"," "
"1","
"
"1","Available 5mers:"
"1"," "
"1","135344"
"1"," "
"1","
"
"1","Selected motif:"
"1"," "
"1","AAAGU"
"1"," "
"1","
"
"1","Mean IRIS score:"
"1"," "
"1","-22.72277"
"1"," "
"1","
"
"1","Occurrences:"
"1"," "
"1","48"
"1"," "
"1","
"
"1","
Iteration:"
"1"," "
"1","46"
"1"," "
"1","
"
"1","Available 5mers:"
"1"," "
"1","135087"
"1"," "
"1","
"
"1","Selected motif:"
"1"," "
"1","GGGUU"
"1"," "
"1","
"
"1","Mean IRIS score:"
"1"," "
"1","-22.54805"
"1"," "
"1","
"
"1","Occurrences:"
"1"," "
"1","51"
"1"," "
"1","
"
"1","
Iteration:"
"1"," "
"1","47"
"1"," "
"1","
"
"1","Available 5mers:"
"1"," "
"1","134767"
"1"," "
"1","
"
"1","Selected motif:"
"1"," "
"1","GCUCU"
"1"," "
"1","
"
"1","Mean IRIS score:"
"1"," "
"1","-22.3992"
"1"," "
"1","
"
"1","Occurrences:"
"1"," "
"1","40"
"1"," "
"1","
"
"1","
Iteration:"
"1"," "
"1","48"
"1"," "
"1","
"
"1","Available 5mers:"
"1"," "
"1","134443"
"1"," "
"1","
"
"1","Selected motif:"
"1"," "
"1","GGCUU"
"1"," "
"1","
"
"1","Mean IRIS score:"
"1"," "
"1","-22.3898"
"1"," "
"1","
"
"1","Occurrences:"
"1"," "
"1","51"
"1"," "
"1","
"
"1","
Iteration:"
"1"," "
"1","49"
"1"," "
"1","
"
"1","Available 5mers:"
"1"," "
"1","134123"
"1"," "
"1","
"
"1","Selected motif:"
"1"," "
"1","GCGCU"
"1"," "
"1","
"
"1","Mean IRIS score:"
"1"," "
"1","-22.29403"
"1"," "
"1","
"
"1","Occurrences:"
"1"," "
"1","46"
"1"," "
"1","
"
"1","
Iteration:"
"1"," "
"1","50"
"1"," "
"1","
"
"1","Available 5mers:"
"1"," "
"1","133753"
"1"," "
"1","
"
"1","Selected motif:"
"1"," "
"1","GGACU"
"1"," "
"1","
"
"1","Mean IRIS score:"
"1"," "
"1","-22.27398"
"1"," "
"1","
"
"1","Occurrences:"
"1"," "
"1","24"
"1"," "
"1","
"
"0","###############################################################"
"0","## Save stepwise motif results"
"0","###############################################################"
"0",""
"0","write.csv("
"0",""
"0","    stepwise_results,"
"0",""
"0","    paste0("
"0","        output_prefix,"
"0","        ""_stepwise_IRIS_5mers.csv"""
"0","    ),"
"0",""
"0","    row.names = FALSE"
"0",""
"0",")"
"0",""
"0",""
"0",""
"0","###############################################################"
"0","## Final report"
"0","###############################################################"
"0",""
"0","cat("
"0","""\n====================================\n"""
"0",")"
"1","
====================================
"
"0","cat("
"0","""IRIS stepwise motif discovery complete\n"""
"0",")"
"1","IRIS stepwise motif discovery complete
"
"0","cat("
"0","""Motifs discovered:"","
"0","nrow(stepwise_results),"
"0","""\n"""
"0",")"
"1","Motifs discovered:"
"1"," "
"1","50"
"1"," "
"1","
"
"0","if("
"0","    nrow(stepwise_results)>0"
"0",")"
"0","{"
"0",""
"0","    cat("
"0","        ""\nTop motifs:\n"""
"0","    )"
"0",""
"0",""
"0","    print("
"0","        stepwise_results"
"0","    )"
"0",""
"0","}"
"1","
Top motifs:
"
