"1","
"
"1","RESULT: The highest-Pearson alignment is also the
"
"1"," "
"1","alignment selected by the original combined score.
"
"1","
"
"1","-------------------------------------------------------------
"
"1","SELECTED RBNS MATRIX
"
"1","-------------------------------------------------------------

"
"1"," "
"1","       V1"
"1","       V2"
"1"," V3"
"1"," V4"
"1","
A"
"1"," 0.247497"
"1"," 0.018268"
"1","  0"
"1","  1"
"1","
C"
"1"," 0.189439"
"1"," 0.018268"
"1","  1"
"1","  0"
"1","
G"
"1"," 0.089339"
"1"," 0.873123"
"1","  0"
"1","  0"
"1","
U"
"1"," 0.473724"
"1"," 0.090340"
"1","  0"
"1","  0"
"1","
"
"1","
"
"1","-------------------------------------------------------------
"
"1","SELECTED IRIS MATRIX
"
"1","-------------------------------------------------------------

"
"1"," "
"1","     pos2"
"1","     pos3"
"1","     pos4"
"1","     pos5"
"1","
A"
"1"," 0.000001"
"1"," 0.000001"
"1"," 0.000001"
"1"," 0.999997"
"1","
C"
"1"," 0.000001"
"1"," 0.000001"
"1"," 0.999997"
"1"," 0.000001"
"1","
G"
"1"," 0.237223"
"1"," 0.999997"
"1"," 0.000001"
"1"," 0.000001"
"1","
U"
"1"," 0.762775"
"1"," 0.000001"
"1"," 0.000001"
"1"," 0.000001"
"1","
"
"1","
"
"1","-------------------------------------------------------------
"
"1","EXACT VALUES USED FOR PEARSON CORRELATION
"
"1","-------------------------------------------------------------

"
