"Model","Position","JSD","IC_RBNS","IC_IRIS","RBNS_base","IRIS_base"
"IRIS_Zexp",1,0.566786003147952,1.22198868958829,0.170863808150693,"U","A"
"IRIS_Zexp",2,0.0447421824648585,1.57475538039117,1.99993587148118,"U","U"
"IRIS_Zexp",3,1.49806910830648e-06,1.99999998960716,1.99993587148118,"U","U"
"IRIS_Zexp",4,0.213249517742068,0.470768839116845,1.99993587148118,"U","U"
"IRIS_Zratio",1,0.565119956293129,1.22198868958829,0.169754382613103,"U","A"
"IRIS_Zratio",2,0.0447421824648585,1.57475538039117,1.99993587148118,"U","U"
"IRIS_Zratio",3,1.49806910830648e-06,1.99999998960716,1.99993587148118,"U","U"
"IRIS_Zratio",4,0.213249517742068,0.470768839116845,1.99993587148118,"U","U"
"IRIS_Zscore",1,0.570965198840155,1.22198868958829,0.174687917184845,"U","A"
"IRIS_Zscore",2,0.0447421824648585,1.57475538039117,1.99993587148118,"U","U"
"IRIS_Zscore",3,1.49806910830648e-06,1.99999998960716,1.99993587148118,"U","U"
"IRIS_Zscore",4,0.213249517742068,0.470768839116845,1.99993587148118,"U","U"
